{
  "raw_action": {
    "world_vector": [
      0.003707941323518732,
      0.0029258233300025194,
      -0.04187823701138593
    ],
    "rotation_delta": [
      0.14456674557632088,
      0.015153677208750549,
      -0.0046386218965057124
    ],
    "open_gripper": [
      0.0
    ]
  },
  "processed_action": {
    "world_vector": [
      0.003707941323518732,
      0.0029258233300025194,
      -0.04187823701138593
    ],
    "rot_axangle": [
      0.14459886389153834,
      0.014791966038154865,
      -0.005725810989470686
    ],
    "gripper": [
      0
    ],
    "terminate_episode": [
      0.0
    ]
  }
}